origin_node_id,destination_node_id,edge_type,mode,distance_km,transit_time_days,cost_per_km_usd,border_crossing,border_cost_usd,allowed,distance_method,notes
DFW_DEPOT_NODE,EWR_DEPOT_NODE,depot_to_depot,road,2584.4,3.69,1.4,no,0,yes,openrouteservice_matrix_driving_hgv,
DFW_DEPOT_NODE,LAX_DEPOT_NODE,depot_to_depot,road,2234.2,3.19,1.4,no,0,yes,openrouteservice_matrix_driving_hgv,
DFW_DEPOT_NODE,MEX_DEPOT_NODE,depot_to_depot,road,1834.7,2.62,1.4,yes,350,yes,openrouteservice_matrix_driving_hgv,
DFW_DEPOT_NODE,MIA_DEPOT_CONTROL_NODE,depot_to_depot,road,2179.0,3.11,1.4,no,0,yes,openrouteservice_matrix_driving_hgv,
DFW_DEPOT_NODE,TOR_DEPOT_NODE,depot_to_depot,road,2357.0,3.37,1.65,yes,200,yes,openrouteservice_matrix_driving_hgv,
DFW_DEPOT_NODE,VAN_DEPOT_NODE,depot_to_depot,road,3540.8,5.06,1.65,yes,200,yes,openrouteservice_matrix_driving_hgv,
EWR_DEPOT_NODE,DFW_DEPOT_NODE,depot_to_depot,road,2596.3,3.71,1.4,no,0,yes,openrouteservice_matrix_driving_hgv,
EWR_DEPOT_NODE,LAX_DEPOT_NODE,depot_to_depot,road,4436.2,6.34,1.4,no,0,yes,openrouteservice_matrix_driving_hgv,
EWR_DEPOT_NODE,MEX_DEPOT_NODE,depot_to_depot,road,4329.4,6.18,1.4,yes,350,yes,openrouteservice_matrix_driving_hgv,
EWR_DEPOT_NODE,MIA_DEPOT_CONTROL_NODE,depot_to_depot,road,2045.5,2.92,1.4,no,0,yes,openrouteservice_matrix_driving_hgv,
EWR_DEPOT_NODE,TOR_DEPOT_NODE,depot_to_depot,road,776.3,1.11,1.65,yes,200,yes,openrouteservice_matrix_driving_hgv,
EWR_DEPOT_NODE,VAN_DEPOT_NODE,depot_to_depot,road,4807.2,6.87,1.65,yes,200,yes,openrouteservice_matrix_driving_hgv,
LAX_DEPOT_NODE,DFW_DEPOT_NODE,depot_to_depot,road,2233.1,3.19,1.4,no,0,yes,openrouteservice_matrix_driving_hgv,
LAX_DEPOT_NODE,EWR_DEPOT_NODE,depot_to_depot,road,4431.3,6.33,1.4,no,0,yes,openrouteservice_matrix_driving_hgv,
LAX_DEPOT_NODE,MEX_DEPOT_NODE,depot_to_depot,road,2915.4,4.16,1.4,yes,350,yes,openrouteservice_matrix_driving_hgv,
LAX_DEPOT_NODE,MIA_DEPOT_CONTROL_NODE,depot_to_depot,road,4327.7,6.18,1.4,no,0,yes,openrouteservice_matrix_driving_hgv,
LAX_DEPOT_NODE,TOR_DEPOT_NODE,depot_to_depot,road,3976.2,5.68,1.65,yes,200,yes,openrouteservice_matrix_driving_hgv,
LAX_DEPOT_NODE,VAN_DEPOT_NODE,depot_to_depot,road,2112.5,3.02,1.65,yes,200,yes,openrouteservice_matrix_driving_hgv,
MEX_DEPOT_NODE,DFW_DEPOT_NODE,depot_to_depot,road,1830.1,2.61,1.4,yes,350,yes,openrouteservice_matrix_driving_hgv,
MEX_DEPOT_NODE,EWR_DEPOT_NODE,depot_to_depot,road,4306.2,6.15,1.4,yes,350,yes,openrouteservice_matrix_driving_hgv,
MEX_DEPOT_NODE,LAX_DEPOT_NODE,depot_to_depot,road,2915.3,4.16,1.4,yes,350,yes,openrouteservice_matrix_driving_hgv,
MEX_DEPOT_NODE,MIA_DEPOT_CONTROL_NODE,depot_to_depot,road,3474.4,4.96,1.4,yes,350,yes,openrouteservice_matrix_driving_hgv,
MEX_DEPOT_NODE,TOR_DEPOT_NODE,depot_to_depot,road,4078.7,5.83,1.65,yes,550,yes,openrouteservice_matrix_driving_hgv,
MEX_DEPOT_NODE,VAN_DEPOT_NODE,depot_to_depot,road,4864.6,6.95,1.65,yes,550,yes,openrouteservice_matrix_driving_hgv,
MIA_DEPOT_CONTROL_NODE,DFW_DEPOT_NODE,depot_to_depot,road,2176.4,3.11,1.4,no,0,yes,openrouteservice_matrix_driving_hgv,
MIA_DEPOT_CONTROL_NODE,EWR_DEPOT_NODE,depot_to_depot,road,2045.9,2.92,1.4,no,0,yes,openrouteservice_matrix_driving_hgv,
MIA_DEPOT_CONTROL_NODE,LAX_DEPOT_NODE,depot_to_depot,road,4329.3,6.18,1.4,no,0,yes,openrouteservice_matrix_driving_hgv,
MIA_DEPOT_CONTROL_NODE,MEX_DEPOT_NODE,depot_to_depot,road,3483.9,4.98,1.4,yes,350,yes,openrouteservice_matrix_driving_hgv,
MIA_DEPOT_CONTROL_NODE,TOR_DEPOT_NODE,depot_to_depot,road,2351.5,3.36,1.65,yes,200,yes,openrouteservice_matrix_driving_hgv,
MIA_DEPOT_CONTROL_NODE,VAN_DEPOT_NODE,depot_to_depot,road,5538.0,7.91,1.65,yes,200,yes,openrouteservice_matrix_driving_hgv,
TOR_DEPOT_NODE,DFW_DEPOT_NODE,depot_to_depot,road,2346.1,3.35,1.65,yes,200,yes,openrouteservice_matrix_driving_hgv,
TOR_DEPOT_NODE,EWR_DEPOT_NODE,depot_to_depot,road,753.8,1.08,1.65,yes,200,yes,openrouteservice_matrix_driving_hgv,
TOR_DEPOT_NODE,LAX_DEPOT_NODE,depot_to_depot,road,3976.5,5.68,1.65,yes,200,yes,openrouteservice_matrix_driving_hgv,
TOR_DEPOT_NODE,MEX_DEPOT_NODE,depot_to_depot,road,4079.3,5.83,1.65,yes,550,yes,openrouteservice_matrix_driving_hgv,
TOR_DEPOT_NODE,MIA_DEPOT_CONTROL_NODE,depot_to_depot,road,2352.3,3.36,1.65,yes,200,yes,openrouteservice_matrix_driving_hgv,
TOR_DEPOT_NODE,VAN_DEPOT_NODE,depot_to_depot,road,4273.3,6.1,1.65,no,0,yes,openrouteservice_matrix_driving_hgv,
VAN_DEPOT_NODE,DFW_DEPOT_NODE,depot_to_depot,road,3543.0,5.06,1.65,yes,200,yes,openrouteservice_matrix_driving_hgv,
VAN_DEPOT_NODE,EWR_DEPOT_NODE,depot_to_depot,road,4803.5,6.86,1.65,yes,200,yes,openrouteservice_matrix_driving_hgv,
VAN_DEPOT_NODE,LAX_DEPOT_NODE,depot_to_depot,road,2110.9,3.02,1.65,yes,200,yes,openrouteservice_matrix_driving_hgv,
VAN_DEPOT_NODE,MEX_DEPOT_NODE,depot_to_depot,road,4836.0,6.91,1.65,yes,550,yes,openrouteservice_matrix_driving_hgv,
VAN_DEPOT_NODE,MIA_DEPOT_CONTROL_NODE,depot_to_depot,road,5522.0,7.89,1.65,yes,200,yes,openrouteservice_matrix_driving_hgv,
VAN_DEPOT_NODE,TOR_DEPOT_NODE,depot_to_depot,road,4275.6,6.11,1.65,no,0,yes,openrouteservice_matrix_driving_hgv,
DFW_DEPOT_NODE,STAD_ATL,depot_to_stadium,road,1295.2,1.85,1.4,no,0,yes,openrouteservice_matrix_driving_hgv,
DFW_DEPOT_NODE,STAD_BOS,depot_to_stadium,road,2924.2,4.18,1.4,no,0,yes,openrouteservice_matrix_driving_hgv,
DFW_DEPOT_NODE,STAD_DAL,depot_to_stadium,road,2.5,0.0,1.4,no,0,yes,openrouteservice_matrix_driving_hgv,
DFW_DEPOT_NODE,STAD_GDL,depot_to_stadium,road,1788.3,2.55,1.4,yes,350,yes,openrouteservice_matrix_driving_hgv,
DFW_DEPOT_NODE,STAD_HOU,depot_to_stadium,road,426.5,0.61,1.4,no,0,yes,openrouteservice_matrix_driving_hgv,
DFW_DEPOT_NODE,STAD_KC,depot_to_stadium,road,842.1,1.2,1.4,no,0,yes,openrouteservice_matrix_driving_hgv,
DFW_DEPOT_NODE,STAD_LA,depot_to_stadium,road,2312.3,3.3,1.4,no,0,yes,openrouteservice_matrix_driving_hgv,
DFW_DEPOT_NODE,STAD_MEX,depot_to_stadium,road,1851.8,2.65,1.4,yes,350,yes,openrouteservice_matrix_driving_hgv,
DFW_DEPOT_NODE,STAD_MIA,depot_to_stadium,road,2151.9,3.07,1.4,no,0,yes,openrouteservice_matrix_driving_hgv,
DFW_DEPOT_NODE,STAD_MTY,depot_to_stadium,road,945.8,1.35,1.4,yes,350,yes,openrouteservice_matrix_driving_hgv,
DFW_DEPOT_NODE,STAD_NY_NJ,depot_to_stadium,road,2592.8,3.7,1.4,no,0,yes,openrouteservice_matrix_driving_hgv,
DFW_DEPOT_NODE,STAD_PHI,depot_to_stadium,road,2484.8,3.55,1.4,no,0,yes,openrouteservice_matrix_driving_hgv,
DFW_DEPOT_NODE,STAD_SEA,depot_to_stadium,road,3333.8,4.76,1.4,no,0,yes,openrouteservice_matrix_driving_hgv,
DFW_DEPOT_NODE,STAD_SF,depot_to_stadium,road,2709.9,3.87,1.4,no,0,yes,openrouteservice_matrix_driving_hgv,
DFW_DEPOT_NODE,STAD_TOR,depot_to_stadium,road,2376.0,3.39,1.65,yes,200,yes,openrouteservice_matrix_driving_hgv,
DFW_DEPOT_NODE,STAD_VAN,depot_to_stadium,road,3551.6,5.07,1.65,yes,200,yes,openrouteservice_matrix_driving_hgv,
EWR_DEPOT_NODE,STAD_ATL,depot_to_stadium,road,1334.5,1.91,1.4,no,0,yes,openrouteservice_matrix_driving_hgv,
EWR_DEPOT_NODE,STAD_BOS,depot_to_stadium,road,365.5,0.52,1.4,no,0,yes,openrouteservice_matrix_driving_hgv,
EWR_DEPOT_NODE,STAD_DAL,depot_to_stadium,road,2594.9,3.71,1.4,no,0,yes,openrouteservice_matrix_driving_hgv,
EWR_DEPOT_NODE,STAD_GDL,depot_to_stadium,road,4335.0,6.19,1.4,yes,350,yes,openrouteservice_matrix_driving_hgv,
EWR_DEPOT_NODE,STAD_HOU,depot_to_stadium,road,2604.3,3.72,1.4,no,0,yes,openrouteservice_matrix_driving_hgv,
EWR_DEPOT_NODE,STAD_KC,depot_to_stadium,road,1905.6,2.72,1.4,no,0,yes,openrouteservice_matrix_driving_hgv,
EWR_DEPOT_NODE,STAD_LA,depot_to_stadium,road,4514.3,6.45,1.4,no,0,yes,openrouteservice_matrix_driving_hgv,
EWR_DEPOT_NODE,STAD_MEX,depot_to_stadium,road,4343.4,6.2,1.4,yes,350,yes,openrouteservice_matrix_driving_hgv,
EWR_DEPOT_NODE,STAD_MIA,depot_to_stadium,road,2018.3,2.88,1.4,no,0,yes,openrouteservice_matrix_driving_hgv,
EWR_DEPOT_NODE,STAD_MTY,depot_to_stadium,road,3492.6,4.99,1.4,yes,350,yes,openrouteservice_matrix_driving_hgv,
EWR_DEPOT_NODE,STAD_NY_NJ,depot_to_stadium,road,30.0,0.04,1.4,no,0,yes,openrouteservice_matrix_driving_hgv,
EWR_DEPOT_NODE,STAD_PHI,depot_to_stadium,road,125.0,0.18,1.4,no,0,yes,openrouteservice_matrix_driving_hgv,
EWR_DEPOT_NODE,STAD_SEA,depot_to_stadium,road,4600.2,6.57,1.4,no,0,yes,openrouteservice_matrix_driving_hgv,
EWR_DEPOT_NODE,STAD_SF,depot_to_stadium,road,4716.1,6.74,1.4,no,0,yes,openrouteservice_matrix_driving_hgv,
EWR_DEPOT_NODE,STAD_TOR,depot_to_stadium,road,788.8,1.13,1.65,yes,200,yes,openrouteservice_matrix_driving_hgv,
EWR_DEPOT_NODE,STAD_VAN,depot_to_stadium,road,4818.0,6.88,1.65,yes,200,yes,openrouteservice_matrix_driving_hgv,
LAX_DEPOT_NODE,STAD_ATL,depot_to_stadium,road,3445.8,4.92,1.4,no,0,yes,openrouteservice_matrix_driving_hgv,
LAX_DEPOT_NODE,STAD_BOS,depot_to_stadium,road,4764.1,6.81,1.4,no,0,yes,openrouteservice_matrix_driving_hgv,
LAX_DEPOT_NODE,STAD_DAL,depot_to_stadium,road,2232.4,3.19,1.4,no,0,yes,openrouteservice_matrix_driving_hgv,
LAX_DEPOT_NODE,STAD_GDL,depot_to_stadium,road,2361.8,3.37,1.4,yes,350,yes,openrouteservice_matrix_driving_hgv,
LAX_DEPOT_NODE,STAD_HOU,depot_to_stadium,road,2431.2,3.47,1.4,no,0,yes,openrouteservice_matrix_driving_hgv,
LAX_DEPOT_NODE,STAD_KC,depot_to_stadium,road,2483.6,3.55,1.4,no,0,yes,openrouteservice_matrix_driving_hgv,
LAX_DEPOT_NODE,STAD_LA,depot_to_stadium,road,84.6,0.12,1.4,no,0,yes,openrouteservice_matrix_driving_hgv,
LAX_DEPOT_NODE,STAD_MEX,depot_to_stadium,road,2932.6,4.19,1.4,yes,350,yes,openrouteservice_matrix_driving_hgv,
LAX_DEPOT_NODE,STAD_MIA,depot_to_stadium,road,4300.6,6.14,1.4,no,0,yes,openrouteservice_matrix_driving_hgv,
LAX_DEPOT_NODE,STAD_MTY,depot_to_stadium,road,2440.9,3.49,1.4,yes,350,yes,openrouteservice_matrix_driving_hgv,
LAX_DEPOT_NODE,STAD_NY_NJ,depot_to_stadium,road,4431.1,6.33,1.4,no,0,yes,openrouteservice_matrix_driving_hgv,
LAX_DEPOT_NODE,STAD_PHI,depot_to_stadium,road,4284.8,6.12,1.4,no,0,yes,openrouteservice_matrix_driving_hgv,
LAX_DEPOT_NODE,STAD_SEA,depot_to_stadium,road,1894.9,2.71,1.4,no,0,yes,openrouteservice_matrix_driving_hgv,
LAX_DEPOT_NODE,STAD_SF,depot_to_stadium,road,614.1,0.88,1.4,no,0,yes,openrouteservice_matrix_driving_hgv,
LAX_DEPOT_NODE,STAD_TOR,depot_to_stadium,road,3995.2,5.71,1.65,yes,200,yes,openrouteservice_matrix_driving_hgv,
LAX_DEPOT_NODE,STAD_VAN,depot_to_stadium,road,2123.3,3.03,1.65,yes,200,yes,openrouteservice_matrix_driving_hgv,
MEX_DEPOT_NODE,STAD_ATL,depot_to_stadium,road,2833.9,4.05,1.4,yes,350,yes,openrouteservice_matrix_driving_hgv,
MEX_DEPOT_NODE,STAD_BOS,depot_to_stadium,road,4645.9,6.64,1.4,yes,350,yes,openrouteservice_matrix_driving_hgv,
MEX_DEPOT_NODE,STAD_DAL,depot_to_stadium,road,1829.4,2.61,1.4,yes,350,yes,openrouteservice_matrix_driving_hgv,
MEX_DEPOT_NODE,STAD_GDL,depot_to_stadium,road,559.7,0.8,1.0,no,0,yes,openrouteservice_matrix_driving_hgv,
MEX_DEPOT_NODE,STAD_HOU,depot_to_stadium,road,1553.4,2.22,1.4,yes,350,yes,openrouteservice_matrix_driving_hgv,
MEX_DEPOT_NODE,STAD_KC,depot_to_stadium,road,2766.9,3.95,1.4,yes,350,yes,openrouteservice_matrix_driving_hgv,
MEX_DEPOT_NODE,STAD_LA,depot_to_stadium,road,2993.7,4.28,1.4,yes,350,yes,openrouteservice_matrix_driving_hgv,
MEX_DEPOT_NODE,STAD_MEX,depot_to_stadium,road,17.1,0.02,1.0,no,0,yes,openrouteservice_matrix_driving_hgv,
MEX_DEPOT_NODE,STAD_MIA,depot_to_stadium,road,3447.3,4.92,1.4,yes,350,yes,openrouteservice_matrix_driving_hgv,
MEX_DEPOT_NODE,STAD_MTY,depot_to_stadium,road,910.2,1.3,1.0,no,0,yes,openrouteservice_matrix_driving_hgv,
MEX_DEPOT_NODE,STAD_NY_NJ,depot_to_stadium,road,4314.6,6.16,1.4,yes,350,yes,openrouteservice_matrix_driving_hgv,
MEX_DEPOT_NODE,STAD_PHI,depot_to_stadium,road,4206.6,6.01,1.4,yes,350,yes,openrouteservice_matrix_driving_hgv,
MEX_DEPOT_NODE,STAD_SEA,depot_to_stadium,road,4657.6,6.65,1.4,yes,350,yes,openrouteservice_matrix_driving_hgv,
MEX_DEPOT_NODE,STAD_SF,depot_to_stadium,road,3522.9,5.03,1.4,yes,350,yes,openrouteservice_matrix_driving_hgv,
MEX_DEPOT_NODE,STAD_TOR,depot_to_stadium,road,4097.8,5.85,1.65,yes,550,yes,openrouteservice_matrix_driving_hgv,
MEX_DEPOT_NODE,STAD_VAN,depot_to_stadium,road,4875.4,6.96,1.65,yes,550,yes,openrouteservice_matrix_driving_hgv,
MIA_DEPOT_CONTROL_NODE,STAD_ATL,depot_to_stadium,road,1074.0,1.53,1.4,no,0,yes,openrouteservice_matrix_driving_hgv,
MIA_DEPOT_CONTROL_NODE,STAD_BOS,depot_to_stadium,road,2407.2,3.44,1.4,no,0,yes,openrouteservice_matrix_driving_hgv,
MIA_DEPOT_CONTROL_NODE,STAD_DAL,depot_to_stadium,road,2175.0,3.11,1.4,no,0,yes,openrouteservice_matrix_driving_hgv,
MIA_DEPOT_CONTROL_NODE,STAD_GDL,depot_to_stadium,road,3500.2,5.0,1.4,yes,350,yes,openrouteservice_matrix_driving_hgv,
MIA_DEPOT_CONTROL_NODE,STAD_HOU,depot_to_stadium,road,1926.8,2.75,1.4,no,0,yes,openrouteservice_matrix_driving_hgv,
MIA_DEPOT_CONTROL_NODE,STAD_KC,depot_to_stadium,road,2353.5,3.36,1.4,no,0,yes,openrouteservice_matrix_driving_hgv,
MIA_DEPOT_CONTROL_NODE,STAD_LA,depot_to_stadium,road,4508.1,6.44,1.4,no,0,yes,openrouteservice_matrix_driving_hgv,
MIA_DEPOT_CONTROL_NODE,STAD_MEX,depot_to_stadium,road,3497.9,5.0,1.4,yes,350,yes,openrouteservice_matrix_driving_hgv,
MIA_DEPOT_CONTROL_NODE,STAD_MIA,depot_to_stadium,road,32.3,0.05,1.4,no,0,yes,openrouteservice_matrix_driving_hgv,
MIA_DEPOT_CONTROL_NODE,STAD_MTY,depot_to_stadium,road,2657.8,3.8,1.4,yes,350,yes,openrouteservice_matrix_driving_hgv,
MIA_DEPOT_CONTROL_NODE,STAD_NY_NJ,depot_to_stadium,road,2071.4,2.96,1.4,no,0,yes,openrouteservice_matrix_driving_hgv,
MIA_DEPOT_CONTROL_NODE,STAD_PHI,depot_to_stadium,road,1926.6,2.75,1.4,no,0,yes,openrouteservice_matrix_driving_hgv,
MIA_DEPOT_CONTROL_NODE,STAD_SEA,depot_to_stadium,road,5331.0,7.62,1.4,no,0,yes,openrouteservice_matrix_driving_hgv,
MIA_DEPOT_CONTROL_NODE,STAD_SF,depot_to_stadium,road,4905.7,7.01,1.4,no,0,yes,openrouteservice_matrix_driving_hgv,
MIA_DEPOT_CONTROL_NODE,STAD_TOR,depot_to_stadium,road,2364.0,3.38,1.65,yes,200,yes,openrouteservice_matrix_driving_hgv,
MIA_DEPOT_CONTROL_NODE,STAD_VAN,depot_to_stadium,road,5548.8,7.93,1.65,yes,200,yes,openrouteservice_matrix_driving_hgv,
TOR_DEPOT_NODE,STAD_ATL,depot_to_stadium,road,1487.7,2.13,1.65,yes,200,yes,openrouteservice_matrix_driving_hgv,
TOR_DEPOT_NODE,STAD_BOS,depot_to_stadium,road,867.6,1.24,1.65,yes,200,yes,openrouteservice_matrix_driving_hgv,
TOR_DEPOT_NODE,STAD_DAL,depot_to_stadium,road,2344.7,3.35,1.65,yes,200,yes,openrouteservice_matrix_driving_hgv,
TOR_DEPOT_NODE,STAD_GDL,depot_to_stadium,road,4084.9,5.84,1.65,yes,550,yes,openrouteservice_matrix_driving_hgv,
TOR_DEPOT_NODE,STAD_HOU,depot_to_stadium,road,2520.9,3.6,1.65,yes,200,yes,openrouteservice_matrix_driving_hgv,
TOR_DEPOT_NODE,STAD_KC,depot_to_stadium,road,1613.8,2.31,1.65,yes,200,yes,openrouteservice_matrix_driving_hgv,
TOR_DEPOT_NODE,STAD_LA,depot_to_stadium,road,4054.7,5.79,1.65,yes,200,yes,openrouteservice_matrix_driving_hgv,
TOR_DEPOT_NODE,STAD_MEX,depot_to_stadium,road,4093.3,5.85,1.65,yes,550,yes,openrouteservice_matrix_driving_hgv,
TOR_DEPOT_NODE,STAD_MIA,depot_to_stadium,road,2325.2,3.32,1.65,yes,200,yes,openrouteservice_matrix_driving_hgv,
TOR_DEPOT_NODE,STAD_MTY,depot_to_stadium,road,3242.4,4.63,1.65,yes,550,yes,openrouteservice_matrix_driving_hgv,
TOR_DEPOT_NODE,STAD_NY_NJ,depot_to_stadium,road,754.7,1.08,1.65,yes,200,yes,openrouteservice_matrix_driving_hgv,
TOR_DEPOT_NODE,STAD_PHI,depot_to_stadium,road,761.9,1.09,1.65,yes,200,yes,openrouteservice_matrix_driving_hgv,
TOR_DEPOT_NODE,STAD_SEA,depot_to_stadium,road,4066.3,5.81,1.65,yes,200,yes,openrouteservice_matrix_driving_hgv,
TOR_DEPOT_NODE,STAD_SF,depot_to_stadium,road,4256.4,6.08,1.65,yes,200,yes,openrouteservice_matrix_driving_hgv,
TOR_DEPOT_NODE,STAD_TOR,depot_to_stadium,road,23.3,0.03,1.65,no,0,yes,openrouteservice_matrix_driving_hgv,
TOR_DEPOT_NODE,STAD_VAN,depot_to_stadium,road,4284.1,6.12,1.65,no,0,yes,openrouteservice_matrix_driving_hgv,
VAN_DEPOT_NODE,STAD_ATL,depot_to_stadium,road,4448.2,6.35,1.65,yes,200,yes,openrouteservice_matrix_driving_hgv,
VAN_DEPOT_NODE,STAD_BOS,depot_to_stadium,road,5063.5,7.23,1.65,yes,200,yes,openrouteservice_matrix_driving_hgv,
VAN_DEPOT_NODE,STAD_DAL,depot_to_stadium,road,3542.4,5.06,1.65,yes,200,yes,openrouteservice_matrix_driving_hgv,
VAN_DEPOT_NODE,STAD_GDL,depot_to_stadium,road,4393.2,6.28,1.65,yes,550,yes,openrouteservice_matrix_driving_hgv,
VAN_DEPOT_NODE,STAD_HOU,depot_to_stadium,road,3954.1,5.65,1.65,yes,200,yes,openrouteservice_matrix_driving_hgv,
VAN_DEPOT_NODE,STAD_KC,depot_to_stadium,road,3185.0,4.55,1.65,yes,200,yes,openrouteservice_matrix_driving_hgv,
VAN_DEPOT_NODE,STAD_LA,depot_to_stadium,road,2061.8,2.95,1.65,yes,200,yes,openrouteservice_matrix_driving_hgv,
VAN_DEPOT_NODE,STAD_MEX,depot_to_stadium,road,4853.1,6.93,1.65,yes,550,yes,openrouteservice_matrix_driving_hgv,
VAN_DEPOT_NODE,STAD_MIA,depot_to_stadium,road,5494.9,7.85,1.65,yes,200,yes,openrouteservice_matrix_driving_hgv,
VAN_DEPOT_NODE,STAD_MTY,depot_to_stadium,road,4041.1,5.77,1.65,yes,550,yes,openrouteservice_matrix_driving_hgv,
VAN_DEPOT_NODE,STAD_NY_NJ,depot_to_stadium,road,4803.3,6.86,1.65,yes,200,yes,openrouteservice_matrix_driving_hgv,
VAN_DEPOT_NODE,STAD_PHI,depot_to_stadium,road,4764.9,6.81,1.65,yes,200,yes,openrouteservice_matrix_driving_hgv,
VAN_DEPOT_NODE,STAD_SEA,depot_to_stadium,road,220.4,0.31,1.65,yes,200,yes,openrouteservice_matrix_driving_hgv,
VAN_DEPOT_NODE,STAD_SF,depot_to_stadium,road,1569.9,2.24,1.65,yes,200,yes,openrouteservice_matrix_driving_hgv,
VAN_DEPOT_NODE,STAD_TOR,depot_to_stadium,road,4294.6,6.14,1.65,no,0,yes,openrouteservice_matrix_driving_hgv,
VAN_DEPOT_NODE,STAD_VAN,depot_to_stadium,road,14.1,0.02,1.65,no,0,yes,openrouteservice_matrix_driving_hgv,
PORT_HOU,DFW_DEPOT_NODE,port_gateway_to_depot,road,425.7,0.61,1.4,no,0,yes,openrouteservice_matrix_driving_hgv,
PORT_HOU,EWR_DEPOT_NODE,port_gateway_to_depot,road,2587.3,3.7,1.4,no,0,yes,openrouteservice_matrix_driving_hgv,
PORT_HOU,LAX_DEPOT_NODE,port_gateway_to_depot,road,2436.9,3.48,1.4,no,0,yes,openrouteservice_matrix_driving_hgv,
PORT_HOU,MEX_DEPOT_NODE,port_gateway_to_depot,road,1579.6,2.26,1.4,yes,350,yes,openrouteservice_matrix_driving_hgv,
PORT_HOU,MIA_DEPOT_CONTROL_NODE,port_gateway_to_depot,road,1911.7,2.73,1.4,no,0,yes,openrouteservice_matrix_driving_hgv,
PORT_HOU,TOR_DEPOT_NODE,port_gateway_to_depot,road,2528.5,3.61,1.65,yes,200,yes,openrouteservice_matrix_driving_hgv,
PORT_HOU,VAN_DEPOT_NODE,port_gateway_to_depot,road,3949.2,5.64,1.65,yes,200,yes,openrouteservice_matrix_driving_hgv,
PORT_LA_LB,DFW_DEPOT_NODE,port_gateway_to_depot,road,2318.8,3.31,1.4,no,0,yes,openrouteservice_matrix_driving_hgv,
PORT_LA_LB,EWR_DEPOT_NODE,port_gateway_to_depot,road,4517.1,6.45,1.4,no,0,yes,openrouteservice_matrix_driving_hgv,
PORT_LA_LB,LAX_DEPOT_NODE,port_gateway_to_depot,road,91.0,0.13,1.4,no,0,yes,openrouteservice_matrix_driving_hgv,
PORT_LA_LB,MEX_DEPOT_NODE,port_gateway_to_depot,road,3001.2,4.29,1.4,yes,350,yes,openrouteservice_matrix_driving_hgv,
PORT_LA_LB,MIA_DEPOT_CONTROL_NODE,port_gateway_to_depot,road,4413.5,6.3,1.4,no,0,yes,openrouteservice_matrix_driving_hgv,
PORT_LA_LB,TOR_DEPOT_NODE,port_gateway_to_depot,road,4062.0,5.8,1.65,yes,200,yes,openrouteservice_matrix_driving_hgv,
PORT_LA_LB,VAN_DEPOT_NODE,port_gateway_to_depot,road,2101.5,3.0,1.65,yes,200,yes,openrouteservice_matrix_driving_hgv,
PORT_MNZ,DFW_DEPOT_NODE,port_gateway_to_depot,road,2056.5,2.94,1.4,yes,350,yes,openrouteservice_matrix_driving_hgv,
PORT_MNZ,EWR_DEPOT_NODE,port_gateway_to_depot,road,4588.4,6.55,1.4,yes,350,yes,openrouteservice_matrix_driving_hgv,
PORT_MNZ,LAX_DEPOT_NODE,port_gateway_to_depot,road,2631.0,3.76,1.4,yes,350,yes,openrouteservice_matrix_driving_hgv,
PORT_MNZ,MEX_DEPOT_NODE,port_gateway_to_depot,road,834.5,1.19,1.0,no,0,yes,openrouteservice_matrix_driving_hgv,
PORT_MNZ,MIA_DEPOT_CONTROL_NODE,port_gateway_to_depot,road,3767.5,5.38,1.4,yes,350,yes,openrouteservice_matrix_driving_hgv,
PORT_MNZ,TOR_DEPOT_NODE,port_gateway_to_depot,road,4360.9,6.23,1.65,yes,550,yes,openrouteservice_matrix_driving_hgv,
PORT_MNZ,VAN_DEPOT_NODE,port_gateway_to_depot,road,4668.7,6.67,1.65,yes,550,yes,openrouteservice_matrix_driving_hgv,
PORT_NY_NJ,DFW_DEPOT_NODE,port_gateway_to_depot,road,2583.1,3.69,1.4,no,0,yes,openrouteservice_matrix_driving_hgv,
PORT_NY_NJ,EWR_DEPOT_NODE,port_gateway_to_depot,road,18.6,0.03,1.4,no,0,yes,openrouteservice_matrix_driving_hgv,
PORT_NY_NJ,LAX_DEPOT_NODE,port_gateway_to_depot,road,4429.0,6.33,1.4,no,0,yes,openrouteservice_matrix_driving_hgv,
PORT_NY_NJ,MEX_DEPOT_NODE,port_gateway_to_depot,road,4316.3,6.17,1.4,yes,350,yes,openrouteservice_matrix_driving_hgv,
PORT_NY_NJ,MIA_DEPOT_CONTROL_NODE,port_gateway_to_depot,road,2063.8,2.95,1.4,no,0,yes,openrouteservice_matrix_driving_hgv,
PORT_NY_NJ,TOR_DEPOT_NODE,port_gateway_to_depot,road,751.7,1.07,1.65,yes,200,yes,openrouteservice_matrix_driving_hgv,
PORT_NY_NJ,VAN_DEPOT_NODE,port_gateway_to_depot,road,4800.0,6.86,1.65,yes,200,yes,openrouteservice_matrix_driving_hgv,
PORT_VAN,DFW_DEPOT_NODE,port_gateway_to_depot,road,3557.6,5.08,1.65,yes,200,yes,openrouteservice_matrix_driving_hgv,
PORT_VAN,EWR_DEPOT_NODE,port_gateway_to_depot,road,4818.1,6.88,1.65,yes,200,yes,openrouteservice_matrix_driving_hgv,
PORT_VAN,LAX_DEPOT_NODE,port_gateway_to_depot,road,2125.5,3.04,1.65,yes,200,yes,openrouteservice_matrix_driving_hgv,
PORT_VAN,MEX_DEPOT_NODE,port_gateway_to_depot,road,4850.6,6.93,1.65,yes,550,yes,openrouteservice_matrix_driving_hgv,
PORT_VAN,MIA_DEPOT_CONTROL_NODE,port_gateway_to_depot,road,5536.6,7.91,1.65,yes,200,yes,openrouteservice_matrix_driving_hgv,
PORT_VAN,TOR_DEPOT_NODE,port_gateway_to_depot,road,4290.2,6.13,1.65,no,0,yes,openrouteservice_matrix_driving_hgv,
PORT_VAN,VAN_DEPOT_NODE,port_gateway_to_depot,road,14.6,0.02,1.65,no,0,yes,openrouteservice_matrix_driving_hgv,
PORT_VER,DFW_DEPOT_NODE,port_gateway_to_depot,road,1836.1,2.62,1.4,yes,350,yes,openrouteservice_matrix_driving_hgv,
PORT_VER,EWR_DEPOT_NODE,port_gateway_to_depot,road,4292.2,6.13,1.4,yes,350,yes,openrouteservice_matrix_driving_hgv,
PORT_VER,LAX_DEPOT_NODE,port_gateway_to_depot,road,3272.1,4.67,1.4,yes,350,yes,openrouteservice_matrix_driving_hgv,
PORT_VER,MEX_DEPOT_NODE,port_gateway_to_depot,road,407.6,0.58,1.0,no,0,yes,openrouteservice_matrix_driving_hgv,
PORT_VER,MIA_DEPOT_CONTROL_NODE,port_gateway_to_depot,road,3460.5,4.94,1.4,yes,350,yes,openrouteservice_matrix_driving_hgv,
PORT_VER,TOR_DEPOT_NODE,port_gateway_to_depot,road,4064.8,5.81,1.65,yes,550,yes,openrouteservice_matrix_driving_hgv,
PORT_VER,VAN_DEPOT_NODE,port_gateway_to_depot,road,4958.1,7.08,1.65,yes,550,yes,openrouteservice_matrix_driving_hgv,
PORT_HOU,STAD_ATL,port_gateway_to_stadium,road,1271.1,1.82,1.4,no,0,yes,openrouteservice_matrix_driving_hgv,
PORT_HOU,STAD_BOS,port_gateway_to_stadium,road,2944.6,4.21,1.4,no,0,yes,openrouteservice_matrix_driving_hgv,
PORT_HOU,STAD_DAL,port_gateway_to_stadium,road,425.4,0.61,1.4,no,0,yes,openrouteservice_matrix_driving_hgv,
PORT_HOU,STAD_GDL,port_gateway_to_stadium,road,1596.0,2.28,1.4,yes,350,yes,openrouteservice_matrix_driving_hgv,
PORT_HOU,STAD_HOU,port_gateway_to_stadium,road,21.5,0.03,1.4,no,0,yes,openrouteservice_matrix_driving_hgv,
PORT_HOU,STAD_KC,port_gateway_to_stadium,road,1240.6,1.77,1.4,no,0,yes,openrouteservice_matrix_driving_hgv,
PORT_HOU,STAD_LA,port_gateway_to_stadium,road,2515.4,3.59,1.4,no,0,yes,openrouteservice_matrix_driving_hgv,
PORT_HOU,STAD_MEX,port_gateway_to_stadium,road,1593.6,2.28,1.4,yes,350,yes,openrouteservice_matrix_driving_hgv,
PORT_HOU,STAD_MIA,port_gateway_to_stadium,road,1884.5,2.69,1.4,no,0,yes,openrouteservice_matrix_driving_hgv,
PORT_HOU,STAD_MTY,port_gateway_to_stadium,road,753.5,1.08,1.4,yes,350,yes,openrouteservice_matrix_driving_hgv,
PORT_HOU,STAD_NY_NJ,port_gateway_to_stadium,road,2613.2,3.73,1.4,no,0,yes,openrouteservice_matrix_driving_hgv,
PORT_HOU,STAD_PHI,port_gateway_to_stadium,road,2461.6,3.52,1.4,no,0,yes,openrouteservice_matrix_driving_hgv,
PORT_HOU,STAD_SEA,port_gateway_to_stadium,road,3742.1,5.35,1.4,no,0,yes,openrouteservice_matrix_driving_hgv,
PORT_HOU,STAD_SF,port_gateway_to_stadium,road,3092.0,4.42,1.4,no,0,yes,openrouteservice_matrix_driving_hgv,
PORT_HOU,STAD_TOR,port_gateway_to_stadium,road,2547.5,3.64,1.65,yes,200,yes,openrouteservice_matrix_driving_hgv,
PORT_HOU,STAD_VAN,port_gateway_to_stadium,road,3959.9,5.66,1.65,yes,200,yes,openrouteservice_matrix_driving_hgv,
PORT_LA_LB,STAD_ATL,port_gateway_to_stadium,road,3531.6,5.05,1.4,no,0,yes,openrouteservice_matrix_driving_hgv,
PORT_LA_LB,STAD_BOS,port_gateway_to_stadium,road,4849.9,6.93,1.4,no,0,yes,openrouteservice_matrix_driving_hgv,
PORT_LA_LB,STAD_DAL,port_gateway_to_stadium,road,2318.2,3.31,1.4,no,0,yes,openrouteservice_matrix_driving_hgv,
PORT_LA_LB,STAD_GDL,port_gateway_to_stadium,road,2447.5,3.5,1.4,yes,350,yes,openrouteservice_matrix_driving_hgv,
PORT_LA_LB,STAD_HOU,port_gateway_to_stadium,road,2517.0,3.6,1.4,no,0,yes,openrouteservice_matrix_driving_hgv,
PORT_LA_LB,STAD_KC,port_gateway_to_stadium,road,2569.4,3.67,1.4,no,0,yes,openrouteservice_matrix_driving_hgv,
PORT_LA_LB,STAD_LA,port_gateway_to_stadium,road,37.2,0.05,1.4,no,0,yes,openrouteservice_matrix_driving_hgv,
PORT_LA_LB,STAD_MEX,port_gateway_to_stadium,road,3018.3,4.31,1.4,yes,350,yes,openrouteservice_matrix_driving_hgv,
PORT_LA_LB,STAD_MIA,port_gateway_to_stadium,road,4386.4,6.27,1.4,no,0,yes,openrouteservice_matrix_driving_hgv,
PORT_LA_LB,STAD_MTY,port_gateway_to_stadium,road,2526.7,3.61,1.4,yes,350,yes,openrouteservice_matrix_driving_hgv,
PORT_LA_LB,STAD_NY_NJ,port_gateway_to_stadium,road,4516.9,6.45,1.4,no,0,yes,openrouteservice_matrix_driving_hgv,
PORT_LA_LB,STAD_PHI,port_gateway_to_stadium,road,4370.5,6.24,1.4,no,0,yes,openrouteservice_matrix_driving_hgv,
PORT_LA_LB,STAD_SEA,port_gateway_to_stadium,road,1883.9,2.69,1.4,no,0,yes,openrouteservice_matrix_driving_hgv,
PORT_LA_LB,STAD_SF,port_gateway_to_stadium,road,603.0,0.86,1.4,no,0,yes,openrouteservice_matrix_driving_hgv,
PORT_LA_LB,STAD_TOR,port_gateway_to_stadium,road,4081.0,5.83,1.65,yes,200,yes,openrouteservice_matrix_driving_hgv,
PORT_LA_LB,STAD_VAN,port_gateway_to_stadium,road,2112.3,3.02,1.65,yes,200,yes,openrouteservice_matrix_driving_hgv,
PORT_MNZ,STAD_ATL,port_gateway_to_stadium,road,3126.9,4.47,1.4,yes,350,yes,openrouteservice_matrix_driving_hgv,
PORT_MNZ,STAD_BOS,port_gateway_to_stadium,road,4928.1,7.04,1.4,yes,350,yes,openrouteservice_matrix_driving_hgv,
PORT_MNZ,STAD_DAL,port_gateway_to_stadium,road,2055.8,2.94,1.4,yes,350,yes,openrouteservice_matrix_driving_hgv,
PORT_MNZ,STAD_GDL,port_gateway_to_stadium,road,292.8,0.42,1.0,no,0,yes,openrouteservice_matrix_driving_hgv,
PORT_MNZ,STAD_HOU,port_gateway_to_stadium,road,1846.5,2.64,1.4,yes,350,yes,openrouteservice_matrix_driving_hgv,
PORT_MNZ,STAD_KC,port_gateway_to_stadium,road,3049.1,4.36,1.4,yes,350,yes,openrouteservice_matrix_driving_hgv,
PORT_MNZ,STAD_LA,port_gateway_to_stadium,road,2709.5,3.87,1.4,yes,350,yes,openrouteservice_matrix_driving_hgv,
PORT_MNZ,STAD_MEX,port_gateway_to_stadium,road,851.6,1.22,1.0,no,0,yes,openrouteservice_matrix_driving_hgv,
PORT_MNZ,STAD_MIA,port_gateway_to_stadium,road,3740.4,5.34,1.4,yes,350,yes,openrouteservice_matrix_driving_hgv,
PORT_MNZ,STAD_MTY,port_gateway_to_stadium,road,1136.7,1.62,1.0,no,0,yes,openrouteservice_matrix_driving_hgv,
PORT_MNZ,STAD_NY_NJ,port_gateway_to_stadium,road,4596.8,6.57,1.4,yes,350,yes,openrouteservice_matrix_driving_hgv,
PORT_MNZ,STAD_PHI,port_gateway_to_stadium,road,4488.8,6.41,1.4,yes,350,yes,openrouteservice_matrix_driving_hgv,
PORT_MNZ,STAD_SEA,port_gateway_to_stadium,road,4461.6,6.37,1.4,yes,350,yes,openrouteservice_matrix_driving_hgv,
PORT_MNZ,STAD_SF,port_gateway_to_stadium,road,3238.7,4.63,1.4,yes,350,yes,openrouteservice_matrix_driving_hgv,
PORT_MNZ,STAD_TOR,port_gateway_to_stadium,road,4379.9,6.26,1.65,yes,550,yes,openrouteservice_matrix_driving_hgv,
PORT_MNZ,STAD_VAN,port_gateway_to_stadium,road,4679.5,6.68,1.65,yes,550,yes,openrouteservice_matrix_driving_hgv,
PORT_NY_NJ,STAD_ATL,port_gateway_to_stadium,road,1352.8,1.93,1.4,no,0,yes,openrouteservice_matrix_driving_hgv,
PORT_NY_NJ,STAD_BOS,port_gateway_to_stadium,road,357.3,0.51,1.4,no,0,yes,openrouteservice_matrix_driving_hgv,
PORT_NY_NJ,STAD_DAL,port_gateway_to_stadium,road,2581.7,3.69,1.4,no,0,yes,openrouteservice_matrix_driving_hgv,
PORT_NY_NJ,STAD_GDL,port_gateway_to_stadium,road,4321.9,6.17,1.4,yes,350,yes,openrouteservice_matrix_driving_hgv,
PORT_NY_NJ,STAD_HOU,port_gateway_to_stadium,road,2614.0,3.73,1.4,no,0,yes,openrouteservice_matrix_driving_hgv,
PORT_NY_NJ,STAD_KC,port_gateway_to_stadium,road,1892.4,2.7,1.4,no,0,yes,openrouteservice_matrix_driving_hgv,
PORT_NY_NJ,STAD_LA,port_gateway_to_stadium,road,4507.1,6.44,1.4,no,0,yes,openrouteservice_matrix_driving_hgv,
PORT_NY_NJ,STAD_MEX,port_gateway_to_stadium,road,4330.3,6.19,1.4,yes,350,yes,openrouteservice_matrix_driving_hgv,
PORT_NY_NJ,STAD_MIA,port_gateway_to_stadium,road,2036.7,2.91,1.4,no,0,yes,openrouteservice_matrix_driving_hgv,
PORT_NY_NJ,STAD_MTY,port_gateway_to_stadium,road,3479.4,4.97,1.4,yes,350,yes,openrouteservice_matrix_driving_hgv,
PORT_NY_NJ,STAD_NY_NJ,port_gateway_to_stadium,road,21.8,0.03,1.4,no,0,yes,openrouteservice_matrix_driving_hgv,
PORT_NY_NJ,STAD_PHI,port_gateway_to_stadium,road,143.4,0.2,1.4,no,0,yes,openrouteservice_matrix_driving_hgv,
PORT_NY_NJ,STAD_SEA,port_gateway_to_stadium,road,4592.9,6.56,1.4,no,0,yes,openrouteservice_matrix_driving_hgv,
PORT_NY_NJ,STAD_SF,port_gateway_to_stadium,road,4708.9,6.73,1.4,no,0,yes,openrouteservice_matrix_driving_hgv,
PORT_NY_NJ,STAD_TOR,port_gateway_to_stadium,road,764.2,1.09,1.65,yes,200,yes,openrouteservice_matrix_driving_hgv,
PORT_NY_NJ,STAD_VAN,port_gateway_to_stadium,road,4810.8,6.87,1.65,yes,200,yes,openrouteservice_matrix_driving_hgv,
PORT_VAN,STAD_ATL,port_gateway_to_stadium,road,4462.8,6.38,1.65,yes,200,yes,openrouteservice_matrix_driving_hgv,
PORT_VAN,STAD_BOS,port_gateway_to_stadium,road,5078.1,7.25,1.65,yes,200,yes,openrouteservice_matrix_driving_hgv,
PORT_VAN,STAD_DAL,port_gateway_to_stadium,road,3557.0,5.08,1.65,yes,200,yes,openrouteservice_matrix_driving_hgv,
PORT_VAN,STAD_GDL,port_gateway_to_stadium,road,4407.8,6.3,1.65,yes,550,yes,openrouteservice_matrix_driving_hgv,
PORT_VAN,STAD_HOU,port_gateway_to_stadium,road,3968.8,5.67,1.65,yes,200,yes,openrouteservice_matrix_driving_hgv,
PORT_VAN,STAD_KC,port_gateway_to_stadium,road,3199.6,4.57,1.65,yes,200,yes,openrouteservice_matrix_driving_hgv,
PORT_VAN,STAD_LA,port_gateway_to_stadium,road,2076.4,2.97,1.65,yes,200,yes,openrouteservice_matrix_driving_hgv,
PORT_VAN,STAD_MEX,port_gateway_to_stadium,road,4867.8,6.95,1.65,yes,550,yes,openrouteservice_matrix_driving_hgv,
PORT_VAN,STAD_MIA,port_gateway_to_stadium,road,5509.4,7.87,1.65,yes,200,yes,openrouteservice_matrix_driving_hgv,
PORT_VAN,STAD_MTY,port_gateway_to_stadium,road,4055.7,5.79,1.65,yes,550,yes,openrouteservice_matrix_driving_hgv,
PORT_VAN,STAD_NY_NJ,port_gateway_to_stadium,road,4817.9,6.88,1.65,yes,200,yes,openrouteservice_matrix_driving_hgv,
PORT_VAN,STAD_PHI,port_gateway_to_stadium,road,4779.5,6.83,1.65,yes,200,yes,openrouteservice_matrix_driving_hgv,
PORT_VAN,STAD_SEA,port_gateway_to_stadium,road,235.0,0.34,1.65,yes,200,yes,openrouteservice_matrix_driving_hgv,
PORT_VAN,STAD_SF,port_gateway_to_stadium,road,1584.5,2.26,1.65,yes,200,yes,openrouteservice_matrix_driving_hgv,
PORT_VAN,STAD_TOR,port_gateway_to_stadium,road,4309.2,6.16,1.65,no,0,yes,openrouteservice_matrix_driving_hgv,
PORT_VAN,STAD_VAN,port_gateway_to_stadium,road,2.8,0.0,1.65,no,0,yes,openrouteservice_matrix_driving_hgv,
PORT_VER,STAD_ATL,port_gateway_to_stadium,road,2819.9,4.03,1.4,yes,350,yes,openrouteservice_matrix_driving_hgv,
PORT_VER,STAD_BOS,port_gateway_to_stadium,road,4631.9,6.62,1.4,yes,350,yes,openrouteservice_matrix_driving_hgv,
PORT_VER,STAD_DAL,port_gateway_to_stadium,road,1835.8,2.62,1.4,yes,350,yes,openrouteservice_matrix_driving_hgv,
PORT_VER,STAD_GDL,port_gateway_to_stadium,road,916.5,1.31,1.0,no,0,yes,openrouteservice_matrix_driving_hgv,
PORT_VER,STAD_HOU,port_gateway_to_stadium,road,1539.4,2.2,1.4,yes,350,yes,openrouteservice_matrix_driving_hgv,
PORT_VER,STAD_KC,port_gateway_to_stadium,road,2753.0,3.93,1.4,yes,350,yes,openrouteservice_matrix_driving_hgv,
PORT_VER,STAD_LA,port_gateway_to_stadium,road,3350.5,4.79,1.4,yes,350,yes,openrouteservice_matrix_driving_hgv,
PORT_VER,STAD_MEX,port_gateway_to_stadium,road,413.4,0.59,1.0,no,0,yes,openrouteservice_matrix_driving_hgv,
PORT_VER,STAD_MIA,port_gateway_to_stadium,road,3433.3,4.9,1.4,yes,350,yes,openrouteservice_matrix_driving_hgv,
PORT_VER,STAD_MTY,port_gateway_to_stadium,road,939.7,1.34,1.0,no,0,yes,openrouteservice_matrix_driving_hgv,
PORT_VER,STAD_NY_NJ,port_gateway_to_stadium,road,4300.6,6.14,1.4,yes,350,yes,openrouteservice_matrix_driving_hgv,
PORT_VER,STAD_PHI,port_gateway_to_stadium,road,4192.6,5.99,1.4,yes,350,yes,openrouteservice_matrix_driving_hgv,
PORT_VER,STAD_SEA,port_gateway_to_stadium,road,4751.1,6.79,1.4,yes,350,yes,openrouteservice_matrix_driving_hgv,
PORT_VER,STAD_SF,port_gateway_to_stadium,road,3879.7,5.54,1.4,yes,350,yes,openrouteservice_matrix_driving_hgv,
PORT_VER,STAD_TOR,port_gateway_to_stadium,road,4083.8,5.83,1.65,yes,550,yes,openrouteservice_matrix_driving_hgv,
PORT_VER,STAD_VAN,port_gateway_to_stadium,road,4968.9,7.1,1.65,yes,550,yes,openrouteservice_matrix_driving_hgv,
PROD_TLC_BARRIE,DFW_DEPOT_NODE,production_site_to_depot,road,2434.3,3.48,1.65,yes,200,yes,openrouteservice_matrix_driving_hgv,
PROD_TLC_BARRIE,EWR_DEPOT_NODE,production_site_to_depot,road,851.5,1.22,1.65,yes,200,yes,openrouteservice_matrix_driving_hgv,
PROD_TLC_BARRIE,LAX_DEPOT_NODE,production_site_to_depot,road,4064.7,5.81,1.65,yes,200,yes,openrouteservice_matrix_driving_hgv,
PROD_TLC_BARRIE,MEX_DEPOT_NODE,production_site_to_depot,road,4167.4,5.95,1.65,yes,550,yes,openrouteservice_matrix_driving_hgv,
PROD_TLC_BARRIE,MIA_DEPOT_CONTROL_NODE,production_site_to_depot,road,2450.0,3.5,1.65,yes,200,yes,openrouteservice_matrix_driving_hgv,
PROD_TLC_BARRIE,TOR_DEPOT_NODE,production_site_to_depot,road,100.3,0.14,1.65,no,0,yes,openrouteservice_matrix_driving_hgv,
PROD_TLC_BARRIE,VAN_DEPOT_NODE,production_site_to_depot,road,4135.7,5.91,1.65,no,0,yes,openrouteservice_matrix_driving_hgv,
PROD_TLC_TAMPA,DFW_DEPOT_NODE,production_site_to_depot,road,1837.3,2.62,1.4,no,0,yes,openrouteservice_matrix_driving_hgv,
PROD_TLC_TAMPA,EWR_DEPOT_NODE,production_site_to_depot,road,1792.8,2.56,1.4,no,0,yes,openrouteservice_matrix_driving_hgv,
PROD_TLC_TAMPA,LAX_DEPOT_NODE,production_site_to_depot,road,3990.2,5.7,1.4,no,0,yes,openrouteservice_matrix_driving_hgv,
PROD_TLC_TAMPA,MEX_DEPOT_NODE,production_site_to_depot,road,3144.8,4.49,1.4,yes,350,yes,openrouteservice_matrix_driving_hgv,
PROD_TLC_TAMPA,MIA_DEPOT_CONTROL_NODE,production_site_to_depot,road,411.3,0.59,1.4,no,0,yes,openrouteservice_matrix_driving_hgv,
PROD_TLC_TAMPA,TOR_DEPOT_NODE,production_site_to_depot,road,2098.4,3.0,1.65,yes,200,yes,openrouteservice_matrix_driving_hgv,
PROD_TLC_TAMPA,VAN_DEPOT_NODE,production_site_to_depot,road,5198.9,7.43,1.65,yes,200,yes,openrouteservice_matrix_driving_hgv,
PROD_TLC_TUKWILA,DFW_DEPOT_NODE,production_site_to_depot,road,3339.7,4.77,1.4,no,0,yes,openrouteservice_matrix_driving_hgv,
PROD_TLC_TUKWILA,EWR_DEPOT_NODE,production_site_to_depot,road,4600.1,6.57,1.4,no,0,yes,openrouteservice_matrix_driving_hgv,
PROD_TLC_TUKWILA,LAX_DEPOT_NODE,production_site_to_depot,road,1878.5,2.68,1.4,no,0,yes,openrouteservice_matrix_driving_hgv,
PROD_TLC_TUKWILA,MEX_DEPOT_NODE,production_site_to_depot,road,4632.6,6.62,1.4,yes,350,yes,openrouteservice_matrix_driving_hgv,
PROD_TLC_TUKWILA,MIA_DEPOT_CONTROL_NODE,production_site_to_depot,road,5318.6,7.6,1.4,no,0,yes,openrouteservice_matrix_driving_hgv,
PROD_TLC_TUKWILA,TOR_DEPOT_NODE,production_site_to_depot,road,4072.3,5.82,1.65,yes,200,yes,openrouteservice_matrix_driving_hgv,
PROD_TLC_TUKWILA,VAN_DEPOT_NODE,production_site_to_depot,road,234.5,0.33,1.65,yes,200,yes,openrouteservice_matrix_driving_hgv,
PROD_WASS_NC,DFW_DEPOT_NODE,production_site_to_depot,road,1685.3,2.41,1.4,no,0,yes,openrouteservice_matrix_driving_hgv,
PROD_WASS_NC,EWR_DEPOT_NODE,production_site_to_depot,road,948.0,1.35,1.4,no,0,yes,openrouteservice_matrix_driving_hgv,
PROD_WASS_NC,LAX_DEPOT_NODE,production_site_to_depot,road,3834.3,5.48,1.4,no,0,yes,openrouteservice_matrix_driving_hgv,
PROD_WASS_NC,MEX_DEPOT_NODE,production_site_to_depot,road,3233.9,4.62,1.4,yes,350,yes,openrouteservice_matrix_driving_hgv,
PROD_WASS_NC,MIA_DEPOT_CONTROL_NODE,production_site_to_depot,road,1158.0,1.65,1.4,no,0,yes,openrouteservice_matrix_driving_hgv,
PROD_WASS_NC,TOR_DEPOT_NODE,production_site_to_depot,road,1197.1,1.71,1.65,yes,200,yes,openrouteservice_matrix_driving_hgv,
PROD_WASS_NC,VAN_DEPOT_NODE,production_site_to_depot,road,4692.1,6.7,1.65,yes,200,yes,openrouteservice_matrix_driving_hgv,
PROD_WASS_TEMPE,DFW_DEPOT_NODE,production_site_to_depot,road,1680.4,2.4,1.4,no,0,yes,openrouteservice_matrix_driving_hgv,
PROD_WASS_TEMPE,EWR_DEPOT_NODE,production_site_to_depot,road,3869.3,5.53,1.4,no,0,yes,openrouteservice_matrix_driving_hgv,
PROD_WASS_TEMPE,LAX_DEPOT_NODE,production_site_to_depot,road,558.3,0.8,1.4,no,0,yes,openrouteservice_matrix_driving_hgv,
PROD_WASS_TEMPE,MEX_DEPOT_NODE,production_site_to_depot,road,2462.5,3.52,1.4,yes,350,yes,openrouteservice_matrix_driving_hgv,
PROD_WASS_TEMPE,MIA_DEPOT_CONTROL_NODE,production_site_to_depot,road,3776.4,5.39,1.4,no,0,yes,openrouteservice_matrix_driving_hgv,
PROD_WASS_TEMPE,TOR_DEPOT_NODE,production_site_to_depot,road,3565.2,5.09,1.65,yes,200,yes,openrouteservice_matrix_driving_hgv,
PROD_WASS_TEMPE,VAN_DEPOT_NODE,production_site_to_depot,road,2496.6,3.57,1.65,yes,200,yes,openrouteservice_matrix_driving_hgv,
PROD_TLC_BARRIE,STAD_ATL,production_site_to_stadium,road,1575.9,2.25,1.65,yes,200,yes,openrouteservice_matrix_driving_hgv,
PROD_TLC_BARRIE,STAD_BOS,production_site_to_stadium,road,965.4,1.38,1.65,yes,200,yes,openrouteservice_matrix_driving_hgv,
PROD_TLC_BARRIE,STAD_DAL,production_site_to_stadium,road,2432.9,3.48,1.65,yes,200,yes,openrouteservice_matrix_driving_hgv,
PROD_TLC_BARRIE,STAD_GDL,production_site_to_stadium,road,4173.1,5.96,1.65,yes,550,yes,openrouteservice_matrix_driving_hgv,
PROD_TLC_BARRIE,STAD_HOU,production_site_to_stadium,road,2609.1,3.73,1.65,yes,200,yes,openrouteservice_matrix_driving_hgv,
PROD_TLC_BARRIE,STAD_KC,production_site_to_stadium,road,1702.0,2.43,1.65,yes,200,yes,openrouteservice_matrix_driving_hgv,
PROD_TLC_BARRIE,STAD_LA,production_site_to_stadium,road,4142.8,5.92,1.65,yes,200,yes,openrouteservice_matrix_driving_hgv,
PROD_TLC_BARRIE,STAD_MEX,production_site_to_stadium,road,4181.5,5.97,1.65,yes,550,yes,openrouteservice_matrix_driving_hgv,
PROD_TLC_BARRIE,STAD_MIA,production_site_to_stadium,road,2422.9,3.46,1.65,yes,200,yes,openrouteservice_matrix_driving_hgv,
PROD_TLC_BARRIE,STAD_MTY,production_site_to_stadium,road,3330.6,4.76,1.65,yes,550,yes,openrouteservice_matrix_driving_hgv,
PROD_TLC_BARRIE,STAD_NY_NJ,production_site_to_stadium,road,852.5,1.22,1.65,yes,200,yes,openrouteservice_matrix_driving_hgv,
PROD_TLC_BARRIE,STAD_PHI,production_site_to_stadium,road,859.6,1.23,1.65,yes,200,yes,openrouteservice_matrix_driving_hgv,
PROD_TLC_BARRIE,STAD_SEA,production_site_to_stadium,road,3928.7,5.61,1.65,yes,200,yes,openrouteservice_matrix_driving_hgv,
PROD_TLC_BARRIE,STAD_SF,production_site_to_stadium,road,4344.6,6.21,1.65,yes,200,yes,openrouteservice_matrix_driving_hgv,
PROD_TLC_BARRIE,STAD_TOR,production_site_to_stadium,road,104.3,0.15,1.65,no,0,yes,openrouteservice_matrix_driving_hgv,
PROD_TLC_BARRIE,STAD_VAN,production_site_to_stadium,road,4146.5,5.92,1.65,no,0,yes,openrouteservice_matrix_driving_hgv,
PROD_TLC_TAMPA,STAD_ATL,production_site_to_stadium,road,734.9,1.05,1.4,no,0,yes,openrouteservice_matrix_driving_hgv,
PROD_TLC_TAMPA,STAD_BOS,production_site_to_stadium,road,2154.1,3.08,1.4,no,0,yes,openrouteservice_matrix_driving_hgv,
PROD_TLC_TAMPA,STAD_DAL,production_site_to_stadium,road,1836.0,2.62,1.4,no,0,yes,openrouteservice_matrix_driving_hgv,
PROD_TLC_TAMPA,STAD_GDL,production_site_to_stadium,road,3161.2,4.52,1.4,yes,350,yes,openrouteservice_matrix_driving_hgv,
PROD_TLC_TAMPA,STAD_HOU,production_site_to_stadium,road,1587.8,2.27,1.4,no,0,yes,openrouteservice_matrix_driving_hgv,
PROD_TLC_TAMPA,STAD_KC,production_site_to_stadium,road,2014.4,2.88,1.4,no,0,yes,openrouteservice_matrix_driving_hgv,
PROD_TLC_TAMPA,STAD_LA,production_site_to_stadium,road,4169.1,5.96,1.4,no,0,yes,openrouteservice_matrix_driving_hgv,
PROD_TLC_TAMPA,STAD_MEX,production_site_to_stadium,road,3158.8,4.51,1.4,yes,350,yes,openrouteservice_matrix_driving_hgv,
PROD_TLC_TAMPA,STAD_MIA,production_site_to_stadium,road,411.5,0.59,1.4,no,0,yes,openrouteservice_matrix_driving_hgv,
PROD_TLC_TAMPA,STAD_MTY,production_site_to_stadium,road,2318.7,3.31,1.4,yes,350,yes,openrouteservice_matrix_driving_hgv,
PROD_TLC_TAMPA,STAD_NY_NJ,production_site_to_stadium,road,1818.3,2.6,1.4,no,0,yes,openrouteservice_matrix_driving_hgv,
PROD_TLC_TAMPA,STAD_PHI,production_site_to_stadium,road,1673.5,2.39,1.4,no,0,yes,openrouteservice_matrix_driving_hgv,
PROD_TLC_TAMPA,STAD_SEA,production_site_to_stadium,road,4991.9,7.13,1.4,no,0,yes,openrouteservice_matrix_driving_hgv,
PROD_TLC_TAMPA,STAD_SF,production_site_to_stadium,road,4566.6,6.52,1.4,no,0,yes,openrouteservice_matrix_driving_hgv,
PROD_TLC_TAMPA,STAD_TOR,production_site_to_stadium,road,2110.9,3.02,1.65,yes,200,yes,openrouteservice_matrix_driving_hgv,
PROD_TLC_TAMPA,STAD_VAN,production_site_to_stadium,road,5209.7,7.44,1.65,yes,200,yes,openrouteservice_matrix_driving_hgv,
PROD_TLC_TUKWILA,STAD_ATL,production_site_to_stadium,road,4244.9,6.06,1.4,no,0,yes,openrouteservice_matrix_driving_hgv,
PROD_TLC_TUKWILA,STAD_BOS,production_site_to_stadium,road,4860.1,6.94,1.4,no,0,yes,openrouteservice_matrix_driving_hgv,
PROD_TLC_TUKWILA,STAD_DAL,production_site_to_stadium,road,3339.0,4.77,1.4,no,0,yes,openrouteservice_matrix_driving_hgv,
PROD_TLC_TUKWILA,STAD_GDL,production_site_to_stadium,road,4189.9,5.99,1.4,yes,350,yes,openrouteservice_matrix_driving_hgv,
PROD_TLC_TUKWILA,STAD_HOU,production_site_to_stadium,road,3750.8,5.36,1.4,no,0,yes,openrouteservice_matrix_driving_hgv,
PROD_TLC_TUKWILA,STAD_KC,production_site_to_stadium,road,2981.7,4.26,1.4,no,0,yes,openrouteservice_matrix_driving_hgv,
PROD_TLC_TUKWILA,STAD_LA,production_site_to_stadium,road,1829.4,2.61,1.4,no,0,yes,openrouteservice_matrix_driving_hgv,
PROD_TLC_TUKWILA,STAD_MEX,production_site_to_stadium,road,4649.8,6.64,1.4,yes,350,yes,openrouteservice_matrix_driving_hgv,
PROD_TLC_TUKWILA,STAD_MIA,production_site_to_stadium,road,5291.5,7.56,1.4,no,0,yes,openrouteservice_matrix_driving_hgv,
PROD_TLC_TUKWILA,STAD_MTY,production_site_to_stadium,road,3837.7,5.48,1.4,yes,350,yes,openrouteservice_matrix_driving_hgv,
PROD_TLC_TUKWILA,STAD_NY_NJ,production_site_to_stadium,road,4599.9,6.57,1.4,no,0,yes,openrouteservice_matrix_driving_hgv,
PROD_TLC_TUKWILA,STAD_PHI,production_site_to_stadium,road,4561.6,6.52,1.4,no,0,yes,openrouteservice_matrix_driving_hgv,
PROD_TLC_TUKWILA,STAD_SEA,production_site_to_stadium,road,16.9,0.02,1.4,no,0,yes,openrouteservice_matrix_driving_hgv,
PROD_TLC_TUKWILA,STAD_SF,production_site_to_stadium,road,1337.5,1.91,1.4,no,0,yes,openrouteservice_matrix_driving_hgv,
PROD_TLC_TUKWILA,STAD_TOR,production_site_to_stadium,road,4091.3,5.84,1.65,yes,200,yes,openrouteservice_matrix_driving_hgv,
PROD_TLC_TUKWILA,STAD_VAN,production_site_to_stadium,road,245.3,0.35,1.65,yes,200,yes,openrouteservice_matrix_driving_hgv,
PROD_WASS_NC,STAD_ATL,production_site_to_stadium,road,391.2,0.56,1.4,no,0,yes,openrouteservice_matrix_driving_hgv,
PROD_WASS_NC,STAD_BOS,production_site_to_stadium,road,1309.3,1.87,1.4,no,0,yes,openrouteservice_matrix_driving_hgv,
PROD_WASS_NC,STAD_DAL,production_site_to_stadium,road,1683.9,2.41,1.4,no,0,yes,openrouteservice_matrix_driving_hgv,
PROD_WASS_NC,STAD_GDL,production_site_to_stadium,road,3250.3,4.64,1.4,yes,350,yes,openrouteservice_matrix_driving_hgv,
PROD_WASS_NC,STAD_HOU,production_site_to_stadium,road,1676.9,2.4,1.4,no,0,yes,openrouteservice_matrix_driving_hgv,
PROD_WASS_NC,STAD_KC,production_site_to_stadium,road,1555.1,2.22,1.4,no,0,yes,openrouteservice_matrix_driving_hgv,
PROD_WASS_NC,STAD_LA,production_site_to_stadium,road,3912.4,5.59,1.4,no,0,yes,openrouteservice_matrix_driving_hgv,
PROD_WASS_NC,STAD_MEX,production_site_to_stadium,road,3247.9,4.64,1.4,yes,350,yes,openrouteservice_matrix_driving_hgv,
PROD_WASS_NC,STAD_MIA,production_site_to_stadium,road,1130.8,1.62,1.4,no,0,yes,openrouteservice_matrix_driving_hgv,
PROD_WASS_NC,STAD_MTY,production_site_to_stadium,road,2407.8,3.44,1.4,yes,350,yes,openrouteservice_matrix_driving_hgv,
PROD_WASS_NC,STAD_NY_NJ,production_site_to_stadium,road,973.5,1.39,1.4,no,0,yes,openrouteservice_matrix_driving_hgv,
PROD_WASS_NC,STAD_PHI,production_site_to_stadium,road,828.7,1.18,1.4,no,0,yes,openrouteservice_matrix_driving_hgv,
PROD_WASS_NC,STAD_SEA,production_site_to_stadium,road,4485.1,6.41,1.4,no,0,yes,openrouteservice_matrix_driving_hgv,
PROD_WASS_NC,STAD_SF,production_site_to_stadium,road,4310.0,6.16,1.4,no,0,yes,openrouteservice_matrix_driving_hgv,
PROD_WASS_NC,STAD_TOR,production_site_to_stadium,road,1209.6,1.73,1.65,yes,200,yes,openrouteservice_matrix_driving_hgv,
PROD_WASS_NC,STAD_VAN,production_site_to_stadium,road,4702.9,6.72,1.65,yes,200,yes,openrouteservice_matrix_driving_hgv,
PROD_WASS_TEMPE,STAD_ATL,production_site_to_stadium,road,2930.7,4.19,1.4,no,0,yes,openrouteservice_matrix_driving_hgv,
PROD_WASS_TEMPE,STAD_BOS,production_site_to_stadium,road,4222.8,6.03,1.4,no,0,yes,openrouteservice_matrix_driving_hgv,
PROD_WASS_TEMPE,STAD_DAL,production_site_to_stadium,road,1679.8,2.4,1.4,no,0,yes,openrouteservice_matrix_driving_hgv,
PROD_WASS_TEMPE,STAD_GDL,production_site_to_stadium,road,1908.8,2.73,1.4,yes,350,yes,openrouteservice_matrix_driving_hgv,
PROD_WASS_TEMPE,STAD_HOU,production_site_to_stadium,road,1879.9,2.69,1.4,no,0,yes,openrouteservice_matrix_driving_hgv,
PROD_WASS_TEMPE,STAD_KC,production_site_to_stadium,road,1968.6,2.81,1.4,no,0,yes,openrouteservice_matrix_driving_hgv,
PROD_WASS_TEMPE,STAD_LA,production_site_to_stadium,road,636.8,0.91,1.4,no,0,yes,openrouteservice_matrix_driving_hgv,
PROD_WASS_TEMPE,STAD_MEX,production_site_to_stadium,road,2479.6,3.54,1.4,yes,350,yes,openrouteservice_matrix_driving_hgv,
PROD_WASS_TEMPE,STAD_MIA,production_site_to_stadium,road,3749.3,5.36,1.4,no,0,yes,openrouteservice_matrix_driving_hgv,
PROD_WASS_TEMPE,STAD_MTY,production_site_to_stadium,road,1889.6,2.7,1.4,yes,350,yes,openrouteservice_matrix_driving_hgv,
PROD_WASS_TEMPE,STAD_NY_NJ,production_site_to_stadium,road,3902.1,5.57,1.4,no,0,yes,openrouteservice_matrix_driving_hgv,
PROD_WASS_TEMPE,STAD_PHI,production_site_to_stadium,road,3769.7,5.39,1.4,no,0,yes,openrouteservice_matrix_driving_hgv,
PROD_WASS_TEMPE,STAD_SEA,production_site_to_stadium,road,2289.6,3.27,1.4,no,0,yes,openrouteservice_matrix_driving_hgv,
PROD_WASS_TEMPE,STAD_SF,production_site_to_stadium,road,1166.0,1.67,1.4,no,0,yes,openrouteservice_matrix_driving_hgv,
PROD_WASS_TEMPE,STAD_TOR,production_site_to_stadium,road,3584.2,5.12,1.65,yes,200,yes,openrouteservice_matrix_driving_hgv,
PROD_WASS_TEMPE,STAD_VAN,production_site_to_stadium,road,2507.4,3.58,1.65,yes,200,yes,openrouteservice_matrix_driving_hgv,
STAD_ATL,DFW_DEPOT_NODE,stadium_to_depot,road,1291.6,1.85,1.4,no,0,yes,openrouteservice_matrix_driving_hgv,
STAD_ATL,EWR_DEPOT_NODE,stadium_to_depot,road,1333.2,1.9,1.4,no,0,yes,openrouteservice_matrix_driving_hgv,
STAD_ATL,LAX_DEPOT_NODE,stadium_to_depot,road,3447.7,4.93,1.4,no,0,yes,openrouteservice_matrix_driving_hgv,
STAD_ATL,MEX_DEPOT_NODE,stadium_to_depot,road,2843.5,4.06,1.4,yes,350,yes,openrouteservice_matrix_driving_hgv,
STAD_ATL,MIA_DEPOT_CONTROL_NODE,stadium_to_depot,road,1074.5,1.53,1.4,no,0,yes,openrouteservice_matrix_driving_hgv,
STAD_ATL,TOR_DEPOT_NODE,stadium_to_depot,road,1488.7,2.13,1.65,yes,200,yes,openrouteservice_matrix_driving_hgv,
STAD_ATL,VAN_DEPOT_NODE,stadium_to_depot,road,4464.6,6.38,1.65,yes,200,yes,openrouteservice_matrix_driving_hgv,
STAD_BOS,DFW_DEPOT_NODE,stadium_to_depot,road,2971.6,4.25,1.4,no,0,yes,openrouteservice_matrix_driving_hgv,
STAD_BOS,EWR_DEPOT_NODE,stadium_to_depot,road,363.1,0.52,1.4,no,0,yes,openrouteservice_matrix_driving_hgv,
STAD_BOS,LAX_DEPOT_NODE,stadium_to_depot,road,4763.7,6.81,1.4,no,0,yes,openrouteservice_matrix_driving_hgv,
STAD_BOS,MEX_DEPOT_NODE,stadium_to_depot,road,4704.8,6.72,1.4,yes,350,yes,openrouteservice_matrix_driving_hgv,
STAD_BOS,MIA_DEPOT_CONTROL_NODE,stadium_to_depot,road,2404.2,3.43,1.4,no,0,yes,openrouteservice_matrix_driving_hgv,
STAD_BOS,TOR_DEPOT_NODE,stadium_to_depot,road,866.5,1.24,1.65,yes,200,yes,openrouteservice_matrix_driving_hgv,
STAD_BOS,VAN_DEPOT_NODE,stadium_to_depot,road,5060.5,7.23,1.65,yes,200,yes,openrouteservice_matrix_driving_hgv,
STAD_DAL,DFW_DEPOT_NODE,stadium_to_depot,road,2.4,0.0,1.4,no,0,yes,openrouteservice_matrix_driving_hgv,
STAD_DAL,EWR_DEPOT_NODE,stadium_to_depot,road,2582.5,3.69,1.4,no,0,yes,openrouteservice_matrix_driving_hgv,
STAD_DAL,LAX_DEPOT_NODE,stadium_to_depot,road,2233.4,3.19,1.4,no,0,yes,openrouteservice_matrix_driving_hgv,
STAD_DAL,MEX_DEPOT_NODE,stadium_to_depot,road,1833.9,2.62,1.4,yes,350,yes,openrouteservice_matrix_driving_hgv,
STAD_DAL,MIA_DEPOT_CONTROL_NODE,stadium_to_depot,road,2177.1,3.11,1.4,no,0,yes,openrouteservice_matrix_driving_hgv,
STAD_DAL,TOR_DEPOT_NODE,stadium_to_depot,road,2355.1,3.36,1.65,yes,200,yes,openrouteservice_matrix_driving_hgv,
STAD_DAL,VAN_DEPOT_NODE,stadium_to_depot,road,3540.0,5.06,1.65,yes,200,yes,openrouteservice_matrix_driving_hgv,
STAD_GDL,DFW_DEPOT_NODE,stadium_to_depot,road,1783.8,2.55,1.4,yes,350,yes,openrouteservice_matrix_driving_hgv,
STAD_GDL,EWR_DEPOT_NODE,stadium_to_depot,road,4315.7,6.17,1.4,yes,350,yes,openrouteservice_matrix_driving_hgv,
STAD_GDL,LAX_DEPOT_NODE,stadium_to_depot,road,2363.8,3.38,1.4,yes,350,yes,openrouteservice_matrix_driving_hgv,
STAD_GDL,MEX_DEPOT_NODE,stadium_to_depot,road,561.8,0.8,1.0,no,0,yes,openrouteservice_matrix_driving_hgv,
STAD_GDL,MIA_DEPOT_CONTROL_NODE,stadium_to_depot,road,3494.8,4.99,1.4,yes,350,yes,openrouteservice_matrix_driving_hgv,
STAD_GDL,TOR_DEPOT_NODE,stadium_to_depot,road,4088.2,5.84,1.65,yes,550,yes,openrouteservice_matrix_driving_hgv,
STAD_GDL,VAN_DEPOT_NODE,stadium_to_depot,road,4401.5,6.29,1.65,yes,550,yes,openrouteservice_matrix_driving_hgv,
STAD_HOU,DFW_DEPOT_NODE,stadium_to_depot,road,429.0,0.61,1.4,no,0,yes,openrouteservice_matrix_driving_hgv,
STAD_HOU,EWR_DEPOT_NODE,stadium_to_depot,road,2590.8,3.7,1.4,no,0,yes,openrouteservice_matrix_driving_hgv,
STAD_HOU,LAX_DEPOT_NODE,stadium_to_depot,road,2433.2,3.48,1.4,no,0,yes,openrouteservice_matrix_driving_hgv,
STAD_HOU,MEX_DEPOT_NODE,stadium_to_depot,road,1563.6,2.23,1.4,yes,350,yes,openrouteservice_matrix_driving_hgv,
STAD_HOU,MIA_DEPOT_CONTROL_NODE,stadium_to_depot,road,1927.7,2.75,1.4,no,0,yes,openrouteservice_matrix_driving_hgv,
STAD_HOU,TOR_DEPOT_NODE,stadium_to_depot,road,2532.0,3.62,1.65,yes,200,yes,openrouteservice_matrix_driving_hgv,
STAD_HOU,VAN_DEPOT_NODE,stadium_to_depot,road,3952.4,5.65,1.65,yes,200,yes,openrouteservice_matrix_driving_hgv,
STAD_KC,DFW_DEPOT_NODE,stadium_to_depot,road,838.5,1.2,1.4,no,0,yes,openrouteservice_matrix_driving_hgv,
STAD_KC,EWR_DEPOT_NODE,stadium_to_depot,road,1901.0,2.72,1.4,no,0,yes,openrouteservice_matrix_driving_hgv,
STAD_KC,LAX_DEPOT_NODE,stadium_to_depot,road,2484.2,3.55,1.4,no,0,yes,openrouteservice_matrix_driving_hgv,
STAD_KC,MEX_DEPOT_NODE,stadium_to_depot,road,2705.7,3.87,1.4,yes,350,yes,openrouteservice_matrix_driving_hgv,
STAD_KC,MIA_DEPOT_CONTROL_NODE,stadium_to_depot,road,2336.2,3.34,1.4,no,0,yes,openrouteservice_matrix_driving_hgv,
STAD_KC,TOR_DEPOT_NODE,stadium_to_depot,road,1613.2,2.3,1.65,yes,200,yes,openrouteservice_matrix_driving_hgv,
STAD_KC,VAN_DEPOT_NODE,stadium_to_depot,road,3189.4,4.56,1.65,yes,200,yes,openrouteservice_matrix_driving_hgv,
STAD_LA,DFW_DEPOT_NODE,stadium_to_depot,road,2312.6,3.3,1.4,no,0,yes,openrouteservice_matrix_driving_hgv,
STAD_LA,EWR_DEPOT_NODE,stadium_to_depot,road,4510.9,6.44,1.4,no,0,yes,openrouteservice_matrix_driving_hgv,
STAD_LA,LAX_DEPOT_NODE,stadium_to_depot,road,84.8,0.12,1.4,no,0,yes,openrouteservice_matrix_driving_hgv,
STAD_LA,MEX_DEPOT_NODE,stadium_to_depot,road,2995.0,4.28,1.4,yes,350,yes,openrouteservice_matrix_driving_hgv,
STAD_LA,MIA_DEPOT_CONTROL_NODE,stadium_to_depot,road,4407.3,6.3,1.4,no,0,yes,openrouteservice_matrix_driving_hgv,
STAD_LA,TOR_DEPOT_NODE,stadium_to_depot,road,4055.8,5.79,1.65,yes,200,yes,openrouteservice_matrix_driving_hgv,
STAD_LA,VAN_DEPOT_NODE,stadium_to_depot,road,2067.0,2.95,1.65,yes,200,yes,openrouteservice_matrix_driving_hgv,
STAD_MEX,DFW_DEPOT_NODE,stadium_to_depot,road,1846.7,2.64,1.4,yes,350,yes,openrouteservice_matrix_driving_hgv,
STAD_MEX,EWR_DEPOT_NODE,stadium_to_depot,road,4318.9,6.17,1.4,yes,350,yes,openrouteservice_matrix_driving_hgv,
STAD_MEX,LAX_DEPOT_NODE,stadium_to_depot,road,2931.9,4.19,1.4,yes,350,yes,openrouteservice_matrix_driving_hgv,
STAD_MEX,MEX_DEPOT_NODE,stadium_to_depot,road,16.5,0.02,1.0,no,0,yes,openrouteservice_matrix_driving_hgv,
STAD_MEX,MIA_DEPOT_CONTROL_NODE,stadium_to_depot,road,3487.2,4.98,1.4,yes,350,yes,openrouteservice_matrix_driving_hgv,
STAD_MEX,TOR_DEPOT_NODE,stadium_to_depot,road,4091.5,5.84,1.65,yes,550,yes,openrouteservice_matrix_driving_hgv,
STAD_MEX,VAN_DEPOT_NODE,stadium_to_depot,road,4881.2,6.97,1.65,yes,550,yes,openrouteservice_matrix_driving_hgv,
STAD_MIA,DFW_DEPOT_NODE,stadium_to_depot,road,2149.7,3.07,1.4,no,0,yes,openrouteservice_matrix_driving_hgv,
STAD_MIA,EWR_DEPOT_NODE,stadium_to_depot,road,2019.2,2.88,1.4,no,0,yes,openrouteservice_matrix_driving_hgv,
STAD_MIA,LAX_DEPOT_NODE,stadium_to_depot,road,4302.6,6.15,1.4,no,0,yes,openrouteservice_matrix_driving_hgv,
STAD_MIA,MEX_DEPOT_NODE,stadium_to_depot,road,3457.2,4.94,1.4,yes,350,yes,openrouteservice_matrix_driving_hgv,
STAD_MIA,MIA_DEPOT_CONTROL_NODE,stadium_to_depot,road,27.7,0.04,1.4,no,0,yes,openrouteservice_matrix_driving_hgv,
STAD_MIA,TOR_DEPOT_NODE,stadium_to_depot,road,2324.8,3.32,1.65,yes,200,yes,openrouteservice_matrix_driving_hgv,
STAD_MIA,VAN_DEPOT_NODE,stadium_to_depot,road,5511.3,7.87,1.65,yes,200,yes,openrouteservice_matrix_driving_hgv,
STAD_MTY,DFW_DEPOT_NODE,stadium_to_depot,road,944.3,1.35,1.4,yes,350,yes,openrouteservice_matrix_driving_hgv,
STAD_MTY,EWR_DEPOT_NODE,stadium_to_depot,road,3476.2,4.97,1.4,yes,350,yes,openrouteservice_matrix_driving_hgv,
STAD_MTY,LAX_DEPOT_NODE,stadium_to_depot,road,2441.0,3.49,1.4,yes,350,yes,openrouteservice_matrix_driving_hgv,
STAD_MTY,MEX_DEPOT_NODE,stadium_to_depot,road,916.2,1.31,1.0,no,0,yes,openrouteservice_matrix_driving_hgv,
STAD_MTY,MIA_DEPOT_CONTROL_NODE,stadium_to_depot,road,2655.3,3.79,1.4,yes,350,yes,openrouteservice_matrix_driving_hgv,
STAD_MTY,TOR_DEPOT_NODE,stadium_to_depot,road,3248.8,4.64,1.65,yes,550,yes,openrouteservice_matrix_driving_hgv,
STAD_MTY,VAN_DEPOT_NODE,stadium_to_depot,road,4036.4,5.77,1.65,yes,550,yes,openrouteservice_matrix_driving_hgv,
STAD_NY_NJ,DFW_DEPOT_NODE,stadium_to_depot,road,2602.8,3.72,1.4,no,0,yes,openrouteservice_matrix_driving_hgv,
STAD_NY_NJ,EWR_DEPOT_NODE,stadium_to_depot,road,29.8,0.04,1.4,no,0,yes,openrouteservice_matrix_driving_hgv,
STAD_NY_NJ,LAX_DEPOT_NODE,stadium_to_depot,road,4425.0,6.32,1.4,no,0,yes,openrouteservice_matrix_driving_hgv,
STAD_NY_NJ,MEX_DEPOT_NODE,stadium_to_depot,road,4335.9,6.19,1.4,yes,350,yes,openrouteservice_matrix_driving_hgv,
STAD_NY_NJ,MIA_DEPOT_CONTROL_NODE,stadium_to_depot,road,2071.0,2.96,1.4,no,0,yes,openrouteservice_matrix_driving_hgv,
STAD_NY_NJ,TOR_DEPOT_NODE,stadium_to_depot,road,754.2,1.08,1.65,yes,200,yes,openrouteservice_matrix_driving_hgv,
STAD_NY_NJ,VAN_DEPOT_NODE,stadium_to_depot,road,4796.0,6.85,1.65,yes,200,yes,openrouteservice_matrix_driving_hgv,
STAD_PHI,DFW_DEPOT_NODE,stadium_to_depot,road,2385.7,3.41,1.4,no,0,yes,openrouteservice_matrix_driving_hgv,
STAD_PHI,EWR_DEPOT_NODE,stadium_to_depot,road,129.6,0.19,1.4,no,0,yes,openrouteservice_matrix_driving_hgv,
STAD_PHI,LAX_DEPOT_NODE,stadium_to_depot,road,4291.1,6.13,1.4,no,0,yes,openrouteservice_matrix_driving_hgv,
STAD_PHI,MEX_DEPOT_NODE,stadium_to_depot,road,4041.2,5.77,1.4,yes,350,yes,openrouteservice_matrix_driving_hgv,
STAD_PHI,MIA_DEPOT_CONTROL_NODE,stadium_to_depot,road,1925.4,2.75,1.4,no,0,yes,openrouteservice_matrix_driving_hgv,
STAD_PHI,TOR_DEPOT_NODE,stadium_to_depot,road,761.6,1.09,1.65,yes,200,yes,openrouteservice_matrix_driving_hgv,
STAD_PHI,VAN_DEPOT_NODE,stadium_to_depot,road,4764.8,6.81,1.65,yes,200,yes,openrouteservice_matrix_driving_hgv,
STAD_SEA,DFW_DEPOT_NODE,stadium_to_depot,road,3334.8,4.76,1.4,no,0,yes,openrouteservice_matrix_driving_hgv,
STAD_SEA,EWR_DEPOT_NODE,stadium_to_depot,road,4595.2,6.56,1.4,no,0,yes,openrouteservice_matrix_driving_hgv,
STAD_SEA,LAX_DEPOT_NODE,stadium_to_depot,road,1893.2,2.7,1.4,no,0,yes,openrouteservice_matrix_driving_hgv,
STAD_SEA,MEX_DEPOT_NODE,stadium_to_depot,road,4627.8,6.61,1.4,yes,350,yes,openrouteservice_matrix_driving_hgv,
STAD_SEA,MIA_DEPOT_CONTROL_NODE,stadium_to_depot,road,5313.7,7.59,1.4,no,0,yes,openrouteservice_matrix_driving_hgv,
STAD_SEA,TOR_DEPOT_NODE,stadium_to_depot,road,4067.4,5.81,1.65,yes,200,yes,openrouteservice_matrix_driving_hgv,
STAD_SEA,VAN_DEPOT_NODE,stadium_to_depot,road,221.0,0.32,1.65,yes,200,yes,openrouteservice_matrix_driving_hgv,
STAD_SF,DFW_DEPOT_NODE,stadium_to_depot,road,2710.9,3.87,1.4,no,0,yes,openrouteservice_matrix_driving_hgv,
STAD_SF,EWR_DEPOT_NODE,stadium_to_depot,road,4714.1,6.73,1.4,no,0,yes,openrouteservice_matrix_driving_hgv,
STAD_SF,LAX_DEPOT_NODE,stadium_to_depot,road,615.9,0.88,1.4,no,0,yes,openrouteservice_matrix_driving_hgv,
STAD_SF,MEX_DEPOT_NODE,stadium_to_depot,road,3526.1,5.04,1.4,yes,350,yes,openrouteservice_matrix_driving_hgv,
STAD_SF,MIA_DEPOT_CONTROL_NODE,stadium_to_depot,road,4906.3,7.01,1.4,no,0,yes,openrouteservice_matrix_driving_hgv,
STAD_SF,TOR_DEPOT_NODE,stadium_to_depot,road,4259.0,6.08,1.65,yes,200,yes,openrouteservice_matrix_driving_hgv,
STAD_SF,VAN_DEPOT_NODE,stadium_to_depot,road,1573.5,2.25,1.65,yes,200,yes,openrouteservice_matrix_driving_hgv,
STAD_TOR,DFW_DEPOT_NODE,stadium_to_depot,road,2364.4,3.38,1.65,yes,200,yes,openrouteservice_matrix_driving_hgv,
STAD_TOR,EWR_DEPOT_NODE,stadium_to_depot,road,765.5,1.09,1.65,yes,200,yes,openrouteservice_matrix_driving_hgv,
STAD_TOR,LAX_DEPOT_NODE,stadium_to_depot,road,3994.8,5.71,1.65,yes,200,yes,openrouteservice_matrix_driving_hgv,
STAD_TOR,MEX_DEPOT_NODE,stadium_to_depot,road,4097.6,5.85,1.65,yes,550,yes,openrouteservice_matrix_driving_hgv,
STAD_TOR,MIA_DEPOT_CONTROL_NODE,stadium_to_depot,road,2364.1,3.38,1.65,yes,200,yes,openrouteservice_matrix_driving_hgv,
STAD_TOR,TOR_DEPOT_NODE,stadium_to_depot,road,23.1,0.03,1.65,no,0,yes,openrouteservice_matrix_driving_hgv,
STAD_TOR,VAN_DEPOT_NODE,stadium_to_depot,road,4291.6,6.13,1.65,no,0,yes,openrouteservice_matrix_driving_hgv,
STAD_VAN,DFW_DEPOT_NODE,stadium_to_depot,road,3555.2,5.08,1.65,yes,200,yes,openrouteservice_matrix_driving_hgv,
STAD_VAN,EWR_DEPOT_NODE,stadium_to_depot,road,4815.6,6.88,1.65,yes,200,yes,openrouteservice_matrix_driving_hgv,
STAD_VAN,LAX_DEPOT_NODE,stadium_to_depot,road,2123.1,3.03,1.65,yes,200,yes,openrouteservice_matrix_driving_hgv,
STAD_VAN,MEX_DEPOT_NODE,stadium_to_depot,road,4848.1,6.93,1.65,yes,550,yes,openrouteservice_matrix_driving_hgv,
STAD_VAN,MIA_DEPOT_CONTROL_NODE,stadium_to_depot,road,5534.1,7.91,1.65,yes,200,yes,openrouteservice_matrix_driving_hgv,
STAD_VAN,TOR_DEPOT_NODE,stadium_to_depot,road,4287.8,6.13,1.65,no,0,yes,openrouteservice_matrix_driving_hgv,
STAD_VAN,VAN_DEPOT_NODE,stadium_to_depot,road,13.3,0.02,1.65,no,0,yes,openrouteservice_matrix_driving_hgv,
PROD_CHINA_SHANGHAI,PORT_HOU,production_site_to_port_gateway,sea,22200.0,,,yes,,yes,report_sea_distance_from_china,Sea distance imported from ports.csv/report assumptions.
PROD_CHINA_SHANGHAI,PORT_LA_LB,production_site_to_port_gateway,sea,10200.0,,,yes,,yes,report_sea_distance_from_china,Sea distance imported from ports.csv/report assumptions.
PROD_CHINA_SHANGHAI,PORT_MNZ,production_site_to_port_gateway,sea,10900.0,,,yes,,yes,report_sea_distance_from_china,Sea distance imported from ports.csv/report assumptions.
PROD_CHINA_SHANGHAI,PORT_NY_NJ,production_site_to_port_gateway,sea,21100.0,,,yes,,yes,report_sea_distance_from_china,Sea distance imported from ports.csv/report assumptions.
PROD_CHINA_SHANGHAI,PORT_VAN,production_site_to_port_gateway,sea,8500.0,,,yes,,yes,report_sea_distance_from_china,Sea distance imported from ports.csv/report assumptions.
